3039154	El Tarter	El Tarter	Ehl Tarter,Эл Тартер	42.57952	1.65362	P	PPL	AD		02				1052		1721	Europe/Andorra	2012-11-03
3039163	Sant Julià de Lòria	Sant Julia de Loria	San Julia,San Julià,Sant Julia de Loria,Sant Julià de Lòria,Sant-Zhulija-de-Lorija,sheng hu li ya-de luo li ya,Сант-Жулия-де-Лория,サン・ジュリア・デ・ロリア教区,圣胡利娅-德洛里亚,圣胡利娅－德洛里亚	42.46372	1.49129	P	PPLA	AD		06				8022		921	Europe/Andorra	2013-11-23
3039604	Pas de la Casa	Pas de la Casa	Pas de la Kasa,Пас де ла Каса	42.54277	1.73361	P	PPL	AD		03				2363	2050	2106	Europe/Andorra	2008-06-09
3039678	Ordino	Ordino	Ordino,ao er di nuo,orudino jiao qu,Ордино,オルディノ教区,奥尔迪诺	42.55623	1.53319	P	PPLA	AD		05				3066		1296	Europe/Andorra	2009-12-11
3040051	les Escaldes	les Escaldes	Ehskal'des-Ehndzhordani,Escaldes,Escaldes-Engordany,Les Escaldes,esukarudesu=engorudani jiao qu,lai sai si ka er de-en ge er da,Эскальдес-Энджордани,エスカルデス＝エンゴルダニ教区,萊塞斯卡爾德-恩戈爾達,萊塞斯卡爾德－恩戈爾達	42.50729	1.53414	P	PPLA	AD		08				15853		1033	Europe/Andorra	2008-10-15
3040132	la Massana	la Massana	La Macana,La Massana,La Maçana,La-Massana,la Massana,ma sa na,Ла-Массана,ラ・マサナ教区,马萨纳	42.54499	1.51483	P	PPLA	AD		04				7211		1245	Europe/Andorra	2008-10-15
3040686	Encamp	Encamp	Ehnkam,Encamp,en kan pu,enkanpu jiao qu,Энкам,エンカンプ教区,恩坎普	42.53474	1.58014	P	PPLA	AD		03				11223		1257	Europe/Andorra	2012-04-13
3041204	Canillo	Canillo	Canillo,Kanil'o,ka ni e,kaniryo jiao qu,Канильо,カニーリョ教区,卡尼略	42.5676	1.59756	P	PPLA	AD		02				3292		1561	Europe/Andorra	2012-12-24
3041519	Arinsal	Arinsal	Arinsal,Arinsal',Arinsalis,arynsal,Аринсал,Аринсаль,آرینسال	42.57205	1.48453	P	PPL	AD		04				1419		1465	Europe/Andorra	2010-01-29
3041563	Andorra la Vella	Andorra la Vella	ALV,Ando-la-Vyey,Andora,Andora la Vela,Andora la Velja,Andora lja Vehl'ja,Andoro Malnova,Andorra,Andorra Tuan,Andorra a Vella,Andorra la Biella,Andorra la Vella,Andorra la Vielha,Andorra-a-Velha,Andorra-la-Vel'ja,Andorra-la-Vielye,Andorre-la-Vieille,Andò-la-Vyèy,Andòrra la Vièlha,an dao er cheng,andolalabeya,andwra la fyla,Ανδόρρα,Андора ла Веля,Андора ла Веља,Андора ля Вэлья,Андорра-ла-Велья,אנדורה לה וולה,أندورا لا فيلا,አንዶራ ላ ቬላ,アンドラ・ラ・ヴェリャ,安道爾城,안도라라베야	42.50779	1.52109	P	PPLC	AD		07				20430		1037	Europe/Andorra	2010-05-30
2521886	Almería	Almeria	Al'meri,Al'merija,Almeria,Almerija,Almerio,Almería,Gorad Al'meryja,LEI,Unci,a er mei li ya,almelia,almeriya,almrya,almryt,almyrya,arumeria,Αλμερία,Алмерия,Алмерија,Альмери,Альмерия,Альмерія,Горад Альмерыя,Ալմերիա,אלמריה,آلمریا,ألمرية,المریہ,المیریا,अल्मेरिया,आल्मेरिया,அல்மேரீயா,アルメリア,阿尔梅里亚,알메리아	36.83814	-2.45974	P	PPLA2	ES		51	AL	04013		188810	21	Europe/Madrid	2013-03-02
524901	Moscow	Moscow	Gorad Maskva,MOW,Maeskuy,Maskav,Maskava,Maskva,Mat-xco-va,Matxcova,Matxcơva,Mosca,Moscfa,Moscha,Mosco,Moscou,Moscova,Moscovo,Moscow,Moscoƿ,Moscu,Moscua,Moscòu,Moscó,Moscù,Moscú,Mosk"va,Moska,Moskau,Mosko,Moskokh,Moskou,Moskov,Moskova,Moskovu,Moskow,Moskowa,Mosku,Moskuas,Moskva,Moskvo,Moskwa,Moszkva,Muskav,Musko,Mát-xcơ-va,Mòskwa,Məskəү,masko,maskw,mo si ke,moseukeuba,mosko,mosukuwa,mskw,mwskva,mwskw,mwsqbh,mx s ko,Μόσχα,Горад Масква,Мæскуы,Маскав,Москва,Москова,Москох,Москъва,Мускав,Муско,Мәскәү,Մոսկվա,מאָסקװע,מאסקווע,מוסקבה,ماسکو,مسکو,موسكو,موسكۋا,ܡܘܣܩܒܐ,मास्को,मॉस्को,মস্কো,மாஸ்கோ,มอสโก,མོ་སི་ཁོ།,მოსკოვი,ሞስኮ,モスクワ,莫斯科,모스크바	55.75222	37.61556	P	PPLC	RU		48				10381222		144	Europe/Moscow	2016-04-13
11205331	Novoorlovsk	Novoorlovsk	Novoorlovsk,Новоорловск	51.07549	114.7261	P	PPL	RU		93	2028094	2028079		2980		731	Asia/Chita	2016-10-16
686812	Zuya	Zuya	Zuja,Zuya,Зуя	45.05418	34.32152	P	PPLA3	UA		11	712585	11152832		6230	257	253	Europe/Simferopol	2016-05-30
688105	Yevpatoriya	Yevpatoriya	Eupatoria,Eupatorio,Evpatorija,Evpatorya,Eŭpatorio,Jevpatorija,Jewpatorija,Yevpatoriya,ybptwryh,Євпаторія,Евпатория,יבפטוריה	45.20091	33.36655	P	PPLA2	UA		11	8449691			106202		11	Europe/Simferopol	2016-06-09
688533	Yalta	Yalta	Ialta,Jalta,Jalto,Jałta,Yalta,ya er ta,yalta,yaruta,Ялта,يالطا,იალტა,ヤルタ,雅尔塔,얄타	44.50218	34.16624	P	PPLA2	UA		11	8449687			77003	54	56	Europe/Simferopol	2016-05-18
689595	Vilino	Vilino	Burljuk,Viline,Vilino,Бурлю́к,Віліне	44.8456	33.67161	P	PPLA3	UA		11	712968	11152804		6960	37	34	Europe/Simferopol	2016-05-20
690548	Uzhhorod	Uzhhorod	Gorad Uzhgarad,Oezjhorod,Oujhorod,UDJ,Ujgorod,Ujhorod,Ujhorodo,Ujqorod,Ungvar,Ungvár,Uschhorod,Uzgorod,Uzhgorod,Uzhhorod,Uzhorod,Uzhorodas,Uzhorodum,Uzjhorod,Uĵhorodo,Użhorod,Užgorod,Užhorod,Užhorodas,awzhhwrwd,ujuholodeu,ujuhorodo,uzhgorodi,wu ri huo luo de,Úzhgorod,ʼwngwwʼr,Горад Ужгарад,Ужгород,אוז'הורוד,אונגוואר,اوژهورود,უჟგოროდი,ウージュホロド,乌日霍罗德,우주호로드	48.61667	22.3	P	PPLA	UA		25	690549			117878		119	Europe/Uzhgorod	2013-01-15
692315	Sudak	Sudak	Sudak,Sudako,Судак,სუდაკი	44.84924	34.97471	P	PPLA2	UA		11	692311			16597		33	Europe/Simferopol	2016-05-18
692714	Stary Krym	Stary Krym	Eski Qirim,Eski Qırım,Starij Krim,Stary Krym,Staryj Krym,Старий Крим,Старый Крым	45.02887	35.09174	P	PPLA3	UA		11	705800	11152875		9370	300	336	Europe/Simferopol	2016-06-14
693062	Sovetskiy	Sovetskiy	Ichki,Sovets'kij,Sovetskij,Sovetskiy,Ички́,Советский,Совєтський	45.34267	34.92463	P	PPLA2	UA		11	693058	11153116		10410	20	17	Europe/Simferopol	2016-08-12
693805	Simferopol	Simferopol	Akmescit,Akməsҗit,Aqmescit,Gorad Simferopal',SIP,Simferepol',Simferopol,Simferopol',Simferopole,Simferopoli,Simferopolis,Simferopolj,Simferopolo,Simferòpol,Simferópol,Sinferopol,Sinferopoli,Sinferòpol,Symferopol,Symferopoli,Sympheropolis,Szimferopol,cimhperoppol,shinferopori,simpelopol,simpheropola,smfrwpwl,symfrbwl,symfrwbwl,symfrwpwl,symprwpwl,xin fei luo bo er,Συμφερόπολη,Акмәсҗит,Горад Сімферопаль,Симфереполь,Симферопол,Симферополь,Симферопољ,Сімферополь,Սիմֆերոպոլ,סימפרופול,سمفروپول,سيمفربول,سيمفروبول,سیمفروپول,सिंफेरोपोल,சிம்ஃபெரோப்போல்,სიმფეროპოლი,シンフェロポリ,辛菲罗波尔,심페로폴	44.95719	34.11079	P	PPLA2	UA		11	8449684			336460		247	Europe/Simferopol	2016-05-10
694910	Saki	Saki	Sakai,Saki,Sako,Sakî,Sakõ,Saq,Szaki,sa ji,Σάκι,Саки,Սակի,საკი,薩基	45.13424	33.59996	P	PPLA2	UA		11	8449685			28322		17	Europe/Simferopol	2016-06-09
695740	Razdol’noye	Razdol'noye	Ak-Shejkh,Razdol'noe,Razdol'noye,Razdol’noye,Rozdol'ne,Ак-Ше́йх,Раздольное,Роздольне	45.77083	33.48777	P	PPLA2	UA		11	695741	11153022		7326	30	19	Europe/Simferopol	2016-08-11
696291	Primorskiy	Primorskiy	Primors'kij,Primorskij,Primorskiy,Приморский,Приморський	45.11904	35.48025	P	PPL	UA		11	8449683			12560	6	14	Europe/Simferopol	2016-05-23
697203	Pionerskoye	Pionerskoye	Dzholman,Pioners'ke,Pionerskoe,Pionerskoye,Джолма́н,Пионерское,Піонерське	44.88083	34.20194	P	PPL	UA		11	693803	11152587		5534	317	346	Europe/Simferopol	2016-05-23
697396	Petrovka	Petrovka	Petrivka,Petrovka,Петровка,Петрівка	45.49776	34.28816	P	PPLA3	UA		11	704383	11152924		6714	37	42	Europe/Simferopol	2016-07-22
697568	Pervomayskoye	Pervomayskoye	Dzhurchi,Pervomajs'ke,Pervomajskoe,Pervomayskoye,Джурчи́,Первомайское,Первомайське	45.71744	33.85596	P	PPLA2	UA		11	697572	11152987		8470	30	29	Europe/Simferopol	2016-08-10
698652	Oktyabr’skoye	Oktyabr'skoye	Bijuk-Onlar,Oktjabr'skoe,Oktjabrs'ke,Oktyabr'skoye,Oktyabr’skoye,Бию́к-Онла́р,Октябрське,Октябрьское	45.28866	34.13521	P	PPLA3	UA		11	704383	11152923		10244	87	67	Europe/Simferopol	2016-07-22
700019	Nizhnegorskiy	Nizhnegorskiy	Nizhn'ogirs'kij,Nizhnegorskij,Nizhnegorskiy,Seitler,Нижнегорский,Нижньогірський,Сеитле́р	45.44789	34.73839	P	PPLA2	UA		11	700018	11152958		8741	22	21	Europe/Simferopol	2016-08-09
700551	Shchyolkino	Shchyolkino	Shchyolkino,Shhjolkino,Shholkine,Щолкіне,Щёлкино	45.42985	35.8225	P	PPLA3	UA		11	703233	11128209		10593		3	Europe/Zaporozhye	2016-06-09
700835	Molodyozhnoye	Molodyozhnoye	Molodizhne,Molodjozhnoe,Molodyozhnoye,Молодёжное,Молодіжне	45.00354	34.05634	P	PPLA3	UA		11	693803	11152610		7597	216	219	Europe/Simferopol	2016-05-23
701619	Massandra	Massandra	Masandra,Massandra,Масандра,Массандра	44.50958	34.18817	P	PPL	UA		11	8449687			7280	140	216	Europe/Simferopol	2016-05-23
703261	Lenino	Lenino	Lenine,Lenino,Yedi Kuyu,Yedi Quyu,lie ni nie,Ленино,Леніне,Լենինո,列尼涅	45.29857	35.77708	P	PPLA2	UA		11	703233	11128210		7871		22	Europe/Simferopol	2016-07-21
704362	Krasnoperekops’k	Krasnoperekops'k	Krasnoperekops'k,Krasnoperekopsk,Krasnoperekops’k,Or qapu,Красноперекопск,Красноперекопськ	45.95716	33.7965	P	PPLA2	UA		11	8449693			30700		9	Europe/Simferopol	2014-07-08
704381	Krasnogvardeyskoye	Krasnogvardeyskoye	Krasnogvardejskoe,Krasnogvardeyskoye,Krasnogvardijs'ke,Kurman-Kemel'chi,Красногвардейское,Красногвардійське,Курма́н-Кемельчи́	45.50271	34.30134	P	PPLA2	UA		11	704383	11152906		11134	46	36	Europe/Simferopol	2016-07-21
704972	Koreiz	Koreiz	Koreiz,Кореиз,Кореїз	44.43374	34.08516	P	PPL	UA		11	8449687			5455	154	170	Europe/Simferopol	2016-05-23
705392	Kolomyya	Kolomyya	Colomeea,Kholomya,Kolomea,Kolomea-Ost,Kolomeo,Kolomija,Kolomyia,Kolomyja,Kolomyya,Kołomyja,Коломия,Коломыя	48.53115	25.03649	P	PPLA2	UA		06	705389			61781		289	Europe/Kiev	2014-09-05
705799	Kirovskoye	Kirovskoye	Islam-Terek,Kirovs'ke,Kirovskoe,Kirovskoye,Исла́м-Тере́к,Кировское,Кіровське	45.22967	35.19987	P	PPLA2	UA		11	705800	11152890		7064	30	25	Europe/Simferopol	2016-07-21
705812	Kropyvnytskyi	Kropyvnytskyi	Elizavetgrad,Gorad Kiravagrad,KGO,Kirovo,Kirovograd,Kirovogrado,Kirovohrad,Kirovohrada,Kirovohradas,Kirovohrado,Kirovoqrad,Kirowo,Kirowograd,Kirowohrad,Kropivnic'kij,Kropyvnytskyi,Sinowjewsk,Yelisavetgrad,Yelizavetgrad,Yelizavety,Zinov'evsk,Zinov'yevsk,Zinovievsk,Zinov’evsk,Zinov’yevsk,ji luo wo ge lei,kiloboheuladeu,kirovu~ofurado,kyrwwhrad,qyrwbwgrd,Горад Кіраваград,Кировоград,Кропивницький,Кіровоград,Կիրովոգրադ,קירובוגרד,کیرووهراد,کیرووہراد,კიროვოგრადი,キロヴォフラード,基洛沃格勒,키로보흐라드	48.5132	32.2597	P	PPLA	UA		10	9815237			249454		114	Europe/Kiev	2016-10-09
706524	Kerch	Kerch	Bospor,KHC,Kerc,Kerc',Kerca,Kerce,Kerch,Kerch',Kerci,Kerco,Kercs,Kercz,Keric,Keritch,Keriç,Kertch,Kertj,Kerts,Kertsch,Kertschia,Kertsj,Kertx,Kertš,Kerç,Kerĉo,Kerč,Kerč',Kerča,Kerčė,Panticapaeum,ke chi,keleuchi,kerchi,keruchi,krch,kyrtsh,qrz,Κερτς,Керч,Керчь,Կերչ,קרץ,كيرتش,کرچ,ქერჩი,ケルチ,刻赤,케르치	45.3531	36.47429	P	PPLA2	UA		11	8449692			148932		1	Europe/Simferopol	2016-05-14
706950	Kamieniec Podolski	Kamieniec Podolski	Kam"yanets'-Podil's'kyy,Kam'janec'-Podil's'kij,Kamenec-Podol'skij,Kamenec-Podolski,Kamenets Podol'ski,Kamenets Podol’ski,Kamenets-Podilski,Kamenets-Podol'sk,Kamenets-Podol'skiy,Kamenets-Podol’sk,Kamenets-Podol’skiy,Kamenez-Podolsk,Kamianets-Podilskyi,Kamieniec Podolski,Kamjanec'-Podil's'kij,Kamjanets-Podilskoi,Kamjanets-Podilskyi,Kamjanets-Podilskyj,Kamjanets-Podilskõi,Kamjanez-Podilskyj,Kamyanets-Podilsky,Kam”yanets’-Podil’s’kyy,Каменец-Подолски,Каменец-Подольский,Камянець-Подільський,Кам’янець-Подільський	48.6845	26.58559	P	PPLA2	UA		09	710863			100000		227	Europe/Kiev	2014-09-05
707099	Kalush	Kalush	Kalouch,Kalush,Kalusz,Katusz,Kałusz,karushu,Калуш,קאַלוש,カルシュ	49.01187	24.37308	P	PPLA2	UA		06	707098			67698		279	Europe/Kiev	2014-09-05
707240	Mirnoye	Mirnoye	Mirne,Mirnoe,Mirnoye,Sarajly-Kijat,Мирне,Мирное,Сарайлы́-Кия́т	44.9833	34.0616	P	PPLA3	UA		11	693803	11152609		9284	221	214	Europe/Simferopol	2016-05-23
707777	Gvardeyskoye	Gvardeyskoye	Gvardejskoe,Gvardeyskoye,Gvardijs'ke,Sarabuz,Spat,Гвардейское,Гвардійське,Сарабуз,Спат	45.11692	34.02188	P	PPLA3	UA		11	693803	11152586		12589	146	143	Europe/Simferopol	2016-05-23
707860	Gurzuf	Gurzuf	Gurzuf,Гурзуф	44.54624	34.27841	P	PPL	UA		11	8449687			8933	62	81	Europe/Simferopol	2016-05-23
708140	Gresovskiy	Gresovskiy	Grehsovskij,Gresivs'kij,Gresovskiy,Гресівський,Грэсовский	45.00804	34.02657	P	PPL	UA		11	8449684			9835	224	199	Europe/Simferopol	2016-06-09
708953	Gaspra	Gaspra	Gaspra,Haspra,Гаспра	44.43364	34.10297	P	PPL	UA		11	8449687			10310	68	108	Europe/Simferopol	2016-05-23
709075	Partenit	Partenit	Partenit,Partenito,pa er jie ni te,Партенит,Партеніт,Պարտենիտ,帕爾捷尼特	44.578	34.34464	P	PPL	UA		11	8449688			6193	90	70	Europe/Simferopol	2016-05-23
709161	Feodosiya	Feodosiya	Caffa,Feodosia,Feodosija,Feodosiya,Feodossia,Feodossija,Feodosya,Feodòssia,Fyeodosiya,Kaffa,Kefe,Teodosia,Teodozio,Teodozja,Teodósia,Theodosia,Theodosie,Théodosie,feodoshiya,pe-odosiya,Феодосия,Феодосія,フェオドシヤ,페오도시야	45.03677	35.37789	P	PPLA2	UA		11	8449683			68562		23	Europe/Simferopol	2016-05-20
709334	Dzhankoy	Dzhankoy	Dshankoi,Dzhanhoi,Dzhankoi,Dzhankoj,Dzhankoy,Джанкой	45.71168	34.39274	P	PPLA2	UA		11	8449690			41731		16	Europe/Simferopol	2016-06-04
709755	Dolyna	Dolyna	Dolina,Dolyna,Dolîna,Dolına,Gorad Dalyna,dolina,duo li na,dwlyna,dwlynh,Горад Далына,Долина,Դոլինա,דאלינע,דולינה,دولينا,دولینا,დოლინა,多利納	48.9733	24.00944	P	PPLA2	UA		06	709779			20696		404	Europe/Kiev	2014-09-05
710454	Chisten’koye	Chisten'koye	Adzhi-Kal,Chisten'ke,Chisten'koe,Chisten'koye,Chisten’koye,Аджи́-Кал,Чистеньке,Чистенькое	44.88152	34.04716	P	PPLA3	UA		11	693803	11152624		5126	301	306	Europe/Simferopol	2016-05-23
710687	Chernomorskoye	Chernomorskoye	Ak-Mechet',Chernomorskoe,Chernomorskoye,Chornomors'ke,Ак-Мече́ть,Черноморское,Чорноморське	45.50657	32.69776	P	PPLA2	UA		11	710690	11153132		11039	20	17	Europe/Simferopol	2016-08-15
712576	Inkerman	Inkerman	Belokamensk,Inceromania,Inkerman,Inkermanas,Inkermano,aynkrman,yin ke er man,İnkerman,Інкерман,Белока́менск,Инкерман,Ինկերման,اینکرمان,因克爾曼	44.61391	33.6098	P	PPLA3	UA		20	712927	11153386		10204	50	19	Europe/Simferopol	2016-05-24
712587	Belogorsk	Belogorsk	Belogorsk,Bilogirs'k,Karasubazar,Белогорск,Білогірськ,Карасубаза́р	45.05462	34.60185	P	PPLA2	UA		11	712585	11152825		16428		182	Europe/Simferopol	2016-07-21
712930	Balaklava	Balaklava	Balaclava,Balaklava,Balaklavo,Balaklawa,Baliklava,Baliqlava,Balıklava,Balıqlava,Bałakława,balaklafa,ballakeullaba,barakuravu~a,Балаклава,بالاكلافا,バラクラヴァ,발라클라바	44.51118	33.59942	P	PPLA3	UA		20	712927	11153385		18649	10	12	Europe/Simferopol	2016-05-23
712969	Bakhchisaray	Bakhchisaray	Bachtjisaraj,Bachtschyssaraj,Bachtsjisaraj,Bahcesaray,Bahcisarajo,Bahçesaray,Bakczysaraj,Bakhchisaraj,Bakhchisaray,Baĥĉisarajo,bafuchisarai,baheuchisalai,Бахчисарай,バフチサライ,바흐치사라이	44.75525	33.85782	P	PPLA2	UA		11	712968	11152799		27351		173	Europe/Simferopol	2016-07-21
713203	Armyansk	Armyansk	Armjans'k,Armjansk,Armyansk,Армянск,Армянськ	46.10919	33.69206	P	PPLA2	UA		11	8449689			24442		16	Europe/Simferopol	2016-05-18
713513	Alushta	Alushta	Aloushta,Alshta,Aluschta,Alushta,Alusta,Aluszta,Aluşta,Alušta,Ałuszta,allusyuta,Алушта,알루슈타	44.67728	34.4097	P	PPLA2	UA		11	8449688			29586		40	Europe/Simferopol	2016-05-17
713514	Alupka	Alupka	Aloupka,Alupk,Alupka,Alupko,Ałupka,a lu pu ka,alwbka,alwpka,Αλούπκα,Алупка,Алупко,Ալուպկա,آلوپکا,ألوبكا,ალუპკა,阿盧普卡	44.41808	34.04531	P	PPL	UA		11	8449687			7849	90	84	Europe/Simferopol	2016-06-04
7039154	Novofedorovka	Novofedorovka	Novofedorivka,Novofedorovka,Novofjodorovka,Новофедорівка,Новофёдоровка	45.09473	33.57211	P	PPLA3	UA		11	694905	11153099		5651		7	Europe/Simferopol	2016-08-12
7039160	Shkol’noye	Shkol'noye	Shkil'ne,Shkol'noe,Shkol'noye,Shkol’noye,Школьное,Шкільне	45.05758	33.89737	P	PPLA3	UA		11	693803	11152626		1964	132	128	Europe/Simferopol	2016-05-23
4076784	Montgomery	Montgomery	Gorad Mantgomery,MGM,Mons Gomerici,Montgomeri,Montgomeris,Montgomery,Montgomuri,Montnkomeri,mamtagomeri,mantagomeri,mantgameri,mantkamari,meng ge ma li,mong-gomeli,mongomeri,montagomari,mwntghwmry,mwntgmry,mwntgwmry,mxn t kx me xri,Μοντγκόμερι,Горад Мантгомеры,Монтгомери,Монтгомері,Монтгомъри,Մոնտգոմերի,מאנטגאמערי,מונטגומרי,مونتغومري,مونتگمری,مونٹگمری,مونٹگمری، الاباما,माँटगोमेरी,मान्टगोमेरी,मोन्टगोमरी,मोन्तगोमरी,மான்ட்கமரி,ಮಾಂಟ್ಗಾಮೆರಿ,มอนต์กอเมอรี,მონტგომერი,モンゴメリー,蒙哥馬利,蒙哥马利,몽고메리	32.36681	-86.29997	P	PPLA	US		AL	101			205764	73	76	America/Chicago	2011-05-14
4119403	Little Rock	Little Rock	Gorad Litl-Rok,LIT,Litl Rok,Litl Rokas,Litl Roks,Litl-Rok,Litlroka,Little Rock,Litul Rok,lie du luo bu,litala raka,litala roka,liteullog,litil rak,litila raka,littil rak,lytl rak  arkanzas,lytl rwk,lytl rwq,ritorurokku,xiao shi cheng,xiao yan cheng,Λιτλ Ροκ,Горад Літл-Рок,Литл Рок,Литл-Рок,Литъл Рок,Літл-Рок,Լիթլ Ռոք,ליטל ראק,ליטל רוק,ليتل روك,لٹل راک,لٹل راک، آرکنساس,لیتل راک، آرکانزاس,लिटल रॉक,लिटिल रक,लिटिल् राक्,लितल रक,லிட்டில் ராக்,ලිට්ල් රොක්,ლიტლ-როკი,リトルロック,列度洛埠,小岩城,小石城,리틀록	34.74648	-92.28959	P	PPLA	US		AR	119			193524	102	105	America/Chicago	2011-05-14
4140963	Washington, D.C.	Washington, D.C.	Ouasinkton,Vashington,Vasingtonas,Vasingtonia,Vašingtonas,WAS,Washington,Washington D. C.,Washington D.C.,Washington DC,Waszyngton,wosingteon D.C.,Ουάσιγκτον,Вашингтон,워싱턴 D.C.	38.89511	-77.03637	P	PPLC	US		DC	001			601723	7	6	America/New_York	2015-01-15
4142290	Dover	Dover	DOV,Douvur,Dover,Dover i Delaware,Dovera,Doveres,Doveris,Doverės,Gorad Dover,Ntover,doba,dobeo,dobhara,dovar,dovhara,duo fu,dwbr,dwfr,dwwr  dlawr,tovar,Ντόβερ,Горад Довер,Довер,Доувър,Դովեր,דאווער,דובר,دوفر,دوور، دلاور,ڈwwr,ڈوور,ڈوور، ڈیلاویئر,डोभर,डोवर्,डोव्हर,दोभर,டோவர்,ドーバー,多佛,도버	39.15817	-75.52437	P	PPLA	US		DE	001			36047	9	11	America/New_York	2013-03-25
4174715	Tallahassee	Tallahassee	Gorad Talakhasi,TLH,Talachasi,Talahasi,Talahasis,Talahasī,Talakhasi,Tallahassee,Tallahassia,Tallakhassi,da la ha xi,ta la he xi,taelleohaesi,talahaci,talahase,talahasi,talahasy,tarahashi,telahasi,Ταλαχάσι,Горад Талахасі,Талахаси,Таллахасси,Таллахассі,Թալահասի,טאלאהאסי,تالاهاسي,تالاهاسی,تالاہاسی، فلوریڈا,ٹالیحسی,टालाहासे,टॅलाहासी,तालाहासे,টালাহাসি,டலஹாசி,ടലഹാസി,แทลลาแฮสซี,ტალაჰასი,タラハシー,塔拉赫西,達拉哈西,탤러해시	30.43826	-84.28073	P	PPLA	US		FL	073			181376	62	71	America/New_York	2011-05-14
4180439	Atlanta	Atlanta	ATL,Atlant,Atlanta,Atlantae,Atlonta,Gorad Atlanta,aeteullaenta,arr‌lanra nagaram,atalanta,atlanta,atoranta,atʼlantʼa,etalanta,etlanta,ya te lan da,Ατλάντα,Атлантæ,Атланта,Горад Атланта,Ատլանտա,אטלאנטא,אטלנטה,آتلانتا,أتلانتا,ئەتڵانتا,اٹلانٹا,اٹلانٹا، جارجیا,अटलांटा,अटलान्टा,एट्लान्टा,एत्लान्ता,আটলান্টা,એટલાન્ટા,அட்லான்டா,అట్లాంటా,ಅಟ್ಲಾಂಟಾ,അറ്റ്‌ലാന്റാ നഗരം,แอตแลนตา,ཨ་ཊི་ལཱན་ཊཱ།,အတ္တလန္တာမြို့,ატლანტა,አትላንታ,アトランタ,亚特兰大,亞特蘭大,애틀랜타	33.749	-84.38798	P	PPLA	US		GA	121			420003	320	336	America/New_York	2015-04-27
4250542	Springfield	Springfield	Campifons,Gorad Spryngfild,SPI,Sprin'nkfilnt,Springfield,Springfijld,Springfild,Springfilda,Springfildas,Springfilds,Springfīlda,Sprinqfild,icuppirinhpilt,sbrynj fyld  alynwy,seupeulingpildeu,si pu lin fei er de,sprimphilda,springaphilda,springfild,spryngpyld,supuringufirudo,Σπρίνγκφιλντ,Горад Спрынгфілд,Спрингфиелд,Спрингфийлд,Спрингфилд,Спрингфілд,Սփրինգֆիլդ,ספרינגפילד,اسپرنگ فیلڈ، الینوائے,اسپرینگ‌فیلد,سبرينج فيلد، إلينوي,سپرنگفیلڈ,स्प्रिंगफील्ड,स्प्रिङ्गफिल्द,স্প্রিংফিল্ড,இசுப்பிரிங்ஃபீல்ட்,สปริงฟิลด์,スプリングフィールド,斯普林菲尔德,스프링필드	39.80172	-89.64371	P	PPLA	US		IL	167			116250	182	184	America/Chicago	2015-06-04
4259418	Indianapolis	Indianapolis	Gorad Indyjanapalis,IND,Indianapoles,Indianapoli,Indianapolis,Indianapolisa,Indianapolės,Indianapòlis,Indianàpolis,Indianápolis,Indijanapolis,Indiyanapolis,andyanabwlys,ayndyanapwlys,idi'anapolisa,indiaenapolliseu,indianaporisu,indiyanapolis,indiyanapolisa,intiyanapolis,xin deiy næ pho lis,yin di an na bo li si,İndianapolis,Ινδιανάπολη,Індіанаполіс,Горад Індыянапаліс,Индианаполис,Индијанаполис,Ինդիանապոլիս,אינדיאנאפאליס,אינדיאנפוליס,إنديانابوليس,انڈیاناپولس,انڈیاناپولس، انڈیانا,ایندیاناپولیس,इंडियानापोलिस,इन्डियानापोलिस,इन्डियानापोलिस्,इन्दियानापोलिस,ইন্ডিয়ানাপোলিস,ਇੰਡੀਆਨਾਪੋਲਿਸ,இண்டியானாபொலிஸ்,อินเดียแนโพลิส,ინდიანაპოლისი,ኢንዲያናፖሊስ,インディアナポリス,印第安納波利斯,인디애나폴리스	39.76838	-86.15804	P	PPLA	US		IN	097			829718	218	248	America/Indiana/Indianapolis	2011-05-14
4280539	Topeka	Topeka	Gorad Topika,TOP,Topeka,Topika,Topikae,Topīka,topeka,topika,tuo pi ka,twbyka  kansas,twpyka,twpyqh,Τοπίκα,Горад Топіка,Топека,Топикæ,Топика,Топіка,Տոպիկա,טופיקה,توبيكا، كانساس,توپیکا,टोपेका,டொபீகா,トピカ,托皮卡,토피카	39.04833	-95.67804	P	PPLA	US		KS	177			127473	288	306	America/Chicago	2011-05-14
4292188	Frankfort	Frankfort	FFT,Fran'kfort,Frankfort,Frankforta,Frankfortas,Frankforts,Frankfurt,Frehnkfort,Frenkfort,Gorad Frankfart,fa lan ke fu,frankfort,frankfwrt,frankfwrt  kntaky,furankufoto,peulaengkeupeoteu,phramkaphorta,phrankapharta,phryankaphorta,piranport,prnqpwrt,Φράνκφορτ,Горад Франкфарт,Франкфорт,Франкфурт,Френкфорт,Фрэнкфорт,Ֆրանկֆորտ,פרנקפורט,فرانكفورت,فرانکفورت، کنتاکی,فرینک فورٹ، کینٹکی,فرینکفورٹ,फ़्रांक्फ़ोर्ट्,फ्रँकफोर्ट,फ्राङ्कफर्त,फ्र्यांकफोर्ट,பிராங்போர்ட்,แฟรงก์เฟิร์ต,フランクフォート,法兰克福,프랭크퍼트	38.20091	-84.87328	P	PPLA	US		KY	073			25527	155	154	America/New_York	2011-05-14
4315588	Baton Rouge	Baton Rouge	BTR,Baton Rouge,Baton Rouz,Baton Ruj,Baton Ruzas,Baton Ruzh,Baton Ruzos,Baton Ružas,Baton Ružos,Baton-Rouge,Baton-Ruzh,Batonruza,Batonrūža,Batun Ruzh,Bâton-Rouge,Gorad Batan-Ruzh,Rubribaculum,ba tun lu ri,baeteonluji,batonruju,batwn rwj,batwn rwzh,batwn‌rwzh  lwyyzyana,betana ru,betana ruja,byatana ruja,bʼtwn rwz,patan ruj,Μπατόν Ρουζ,Батон Руж,Батон-Руж,Батън Руж,Горад Батан-Руж,Բաթոն Ռուժ,באטון רוז,باتون روج,باتون روژ,باتون‌روژ، لوئیزیانا,باٹن روگ,بیٹون روج، لوزیانا,बॅटन रूज,बेटन रु,बेटन रूज,ब्यातन रुज,பாடன் ரூஜ்,แบตันรูช,バトンルージュ,巴吞鲁日,배턴루지	30.45075	-91.15455	P	PPLA	US		LA	033			229493	14	20	America/Chicago	2011-05-14
4347242	Annapolis	Annapolis	ANP,Anapoles,Anapoli,Anapolis,Anapolisa,Anapolės,Anapołi,Annapolis,Annapòlis,Gorad Anapalis,an na bo li si,anabwlys,anapalis,anapealis,anapolis,anapolliseu,anaporisu,anapwlys,aynapwls,enapolisa,Αννάπολις,Анаполис,Аннаполис,Аннаполіс,Горад Анапаліс,Աննապոլիս,אנאפוליס,آناپولیس,أنابوليس,ایناپولس,ایناپولس، میری لینڈ,अ‍ॅनापोलिस,आनापालिस्,एनापोलिस,அனாபொலிஸ்,അനാപൊളിസ്,แอนแนโพลิส,አናፖሊስ,アナポリス,安納波里斯,安那波利斯,아나폴리스	38.97845	-76.49218	P	PPLA	US		MD	003			38394	12	17	America/New_York	2011-05-14
4392388	Jefferson City	Jefferson City	Dinas Jefferson,Dzeferson Siti,Dzeferson Sitis,Dzefersonsitija,Dzhefersun Siti,Dzhefferson Siti,Dzhefferson-Siti,Dzhehfferson Siti,Džeferson Sitis,Džefersonsitija,Gorad Dzhehfersan-Sici,JEF,Jefferson City,Jeffersonurbo,Kota Jefferson,Lungsod ng Jefferson,Tzeferson Siti,gprswn syty,jefasonshiti,jeparcan nakaram,jepeoseunsiti,jepharasana siti,jepharsan-nagaram,jepharsana siti,jfrswn syty,jie fei xun cheng,Τζέφερσον Σίτι,Џеферсон Сити,Горад Джэферсан-Сіці,Джеферсън Сити,Джефферсон Сити,Джефферсон-Сити,Джефферсон-Сіті,Джэфферсон Сити,Ջեֆերսոն Սիթի,גפרסון סיטי,جفرسون سيتي,جفرسون‌سیتی,جیفرسن سٹی,جیفرسن سٹی، مسوری,जेफरसन सिटी,जेफर्सन सिटी,जेफर्सन सिति,जेफर्सन्-नगरम्,ஜெபர்சன் நகரம்,ジェファーソンシティ,杰斐逊城,제퍼슨시티	38.5767	-92.17352	P	PPLA	US		MO	051			43079	192	195	America/Chicago	2011-05-14
4431410	Jackson	Jackson	Dzekson,Dzeksona,Dzeksonas,Dzeksons,Dzhaksun,Dzhekson,Džeksona,Džeksonas,Džeksons,Gorad Dzhehksan,JAN,Jackson,Jackson i Mississippi,Siti of Dzhekson,Tzakson,Zhehkson,gqswn,jaegseun,jakcan,jaksan,jakswn,jakuson,jeksana,jie ke xun,jkswn  mysysypy,jyakasana,jyaksana,jyksn,jyksn  msyspy,Τζάκσον,Џексон,Горад Джэксан,Джаксън,Джексон,Жэксон,Сити оф Джексон,Ջեքսոն,גקסון,جاكسون,جکسون، میسیسیپی,جیکسن,جیکسن، مسیسپی,जाक्सन्,जॅक्सन,ज्याकसन,ज्याक्सन,ஜாக்சன்,ジャクソン,杰克逊,잭슨	32.29876	-90.18481	P	PPLA	US		MS	049			173514	85	100	America/Chicago	2014-02-11
4487042	Raleigh	Raleigh	Gorad Roli,RDU,Ralei,Raleigh,Rali,Roles,Roli,Rolis,Rolės,lolli,luo li,ra li,raley,rali,raly,raly  shmaly kyrwlyna,rele,reli,roli,rori,ryale'i,Ράλεϊ,Горад Ролі,Рали,Ралі,Роли,Ռոլի,ראלי,رالي,رالی,رالی، شمالی کیرولینا,रालेय्,रॅले,रेली,र्यालेइ,র‌্যালি,ராலீ,ราลี,როლი,ローリー,罗利,롤리	35.7721	-78.63861	P	PPLA	US		NC	183			403892	96	99	America/New_York	2013-11-24
4509177	Columbus	Columbus	CMH,Columbopolis,Columbus,Columbus i Ohio,Gorad Kalumbus,Kolambus,Kolompous,Kolumbas,Kolumbs,Kolumbu,Kolumbus,Kolumbusa,Kulumbus,ge lun bu,kalabasa,kalambasa,kholambas,klmbws  awhayw,kolambas,kolambasa,kolampas,kolleombeoseu,koronbasu,kwlwmbws,qwlwmbws,Κολόμπους,Горад Калумбус,Коламбус,Колумбус,Кълъмбъс,Կոլումբուս,קאלומבוס,קולומבוס,كولومبوس,کلمبوس، اوهایو,کولمبس، اوہائیو,कोलंबस,कोलम्बस,कोलम्बस्,কলম্বাস,ਕਲੰਬਸ,கொலம்பஸ்,โคลัมบัส,კოლუმბუსი,コロンバス,哥伦布,哥倫布,콜럼버스	39.96118	-82.99879	P	PPLA	US		OH	049			787033	235	242	America/New_York	2014-10-27
4544349	Oklahoma City	Oklahoma City	Caayr Oklahoma,Cathair Oklahoma,Dinas Oklahoma,Gorad Aklakhoma-Sici,Kota Oklahoma,Kutha Oklahoma,Lungsod ng Oklahoma,Maxeponoe,Maxepónoe,OKC,Oklachoma Siti,Oklahoma Ceety,Oklahoma City,Oklahoma Sites,Oklahoma Siti,Oklahoma Sitis,Oklahoma Sitės,Oklahoma llaqta,Oklahomasitija,Oklahomaurbo,Oklakhoma,Oklakhoma Siti,Oklakhoma-Siti,Oklakhomae-Siti,Oklaxoma Shehiri,aklahma syty,ao ke la he ma shi,awklahwma syty,e ke la he ma cheng,okalahoma siti,okeullahomasiti,oklahoma nakaram,oklahoma siti,oklahoma-siti,okurahomashiti,xo khla ho ma si ti,Οκλαχόμα Σίτι,Горад Аклахома-Сіці,Оклахомæ-Сити,Оклахома,Оклахома Сити,Оклахома-Сити,Оклахома-Сіті,Օկլահոմա Սիթի,אוקלהומה סיטי,أوكلاهوما سيتي,اوکلاہوما شہر، اوکلاہوما,اکلاهما سیتی,ओक्लाहोमा सिटी,ওকলাহোমা সিটি,ஓக்லஹோமா நகரம்,โอคลาโฮมาซิตี,ოკლაჰომა-სიტი,ოქლაჰომა-სითი,オクラホマシティ,俄克拉荷馬城,奧克拉荷馬市,오클라호마시티	35.46756	-97.51643	P	PPLA	US		OK	109			579999	366	395	America/Chicago	2011-05-14
4575352	Columbia	Columbia	CAE,Columbia,Columbia i Sor-Carolina,Columbia i Sør-Carolina,Colùmbia,Colúmbia,Gorad Kalumbija,Kolambija,Koloumpia,Kolumbi,Kolumbia,Kolumbija,Kuolumbeje,Kuolumbėjė,ge lun bi ya,kalambiya,keolleombia,klmbya  karwlynay jnwby,kolambiya,kolampiya,koronbia,kwlmbya  jnwby kyrwlayna,kwlwmbya,qwlwmbyh,Κολούμπια,Горад Калумбія,Коламбија,Колумби,Колумбия,Колумбија,Колумбія,Կոլումբիա,קאלאמביע,קולומביה,كولومبيا,کلمبیا، کارولینای جنوبی,کولمبیا، جنوبی کیرولائنا,कोलंबिया,कोलम्बिया,কলাম্বিয়া,કોલંબિયા,கொலம்பியா,కొలంబియా,კოლუმბია,コロンビア,哥伦比亚,컬럼비아	34.00071	-81.03481	P	PPLA	US		SC	079			129272	89	97	America/New_York	2011-05-14
4644585	Nashville	Nashville	BNA,Gorad Nashvil,Nasburgum,Nashfile,Nashvil,Nashvill,Nashville,Nashwil,Nasvelis,Nasvil,Nasvila,Nasvilo,Naŝvilo,Našvila,Našvėlis,Nehshvill,Neshvil,Nesvil,Nesvilis,Nesvill,Neşvill,Nešvilis,n'yasabhila,n'yasbhila,n'yasbhilla,na shen wei er,na shu wei er,naesyubil,nashfyl,nasshubiru,nasvil,nesavhila,neshvili,nshwyl,Νάσβιλ,Горад Нашвіл,Нашвил,Нашвилл,Нашвілл,Нешвил,Нэшвилл,Նեշվիլ,נאשוויל,ناشفيل,ناشولے,نشویل,نیشویل، ٹینیسی,नाश्विल्,नॅशव्हिल,न्याश्भिल,न्यास्भिल्ल,ন্যাশভিল,நாஷ்வில்,แนชวิลล์,ნეშვილი,ナッシュビル,納殊維爾,纳什维尔,내슈빌	36.16589	-86.78444	P	PPLA	US		TN	037			530852	170	171	America/Chicago	2014-10-27
4671654	Austin	Austin	AUS,Austin,Austino,Austinopolis,Aŭstino,Gorad Oscin,Ostin,Ostina,Ostinas,Ostins,ao si ting,asatina,astin,astina,astyn  tgzas,awstn,ke shi dian,oseutin,ostina,ostʼini,osutin,xxstin,Ώστιν,Горад Осцін,Остин,Остін,Օստին,אוסטין,אסטין,آستین، تگزاس,آسٹن,آسٹن، ٹیکساس,أوستن,अस्टिन,अस्तिन,आस्टिन्,ऑस्टिन,অস্টিন,ਆਸਟਿਨ,ஆஸ்டின்,ഓസ്റ്റിൻ,ออสติน,ოსტინი,ኦስቲን፣ ቴክሳስ,ᎠᏍᏘᏂ,オースティン,奧斯汀,柯士甸,오스틴	30.26715	-97.74306	P	PPLA	US		TX	453			790390	149	165	America/Chicago	2014-10-27
4781708	Richmond	Richmond	Gorad Rychmand,RIC,Richmond,Richmond City,Richmund,Ricmonda,Ricmondas,Ricmondia,Ricmonds,Ritsmont,Ričmonda,Ričmondas,Ričmonds,li shi man,lichimeondeu,lie zhi wen,rchmnڈ,ricamanda,ricmand,ricmant,ritchimondo,rychmwnd,rychmwnd  wyrjynya,rytshmwnd,ryzmwnd,Ρίτσμοντ,Горад Рычманд,Ричмонд,Ричмънд,Ռիչմոնդ,ריצמונד,ريتشموند,رچمنڈ,رچمنڈ، ورجینیا,ریچموند,ریچموند، ویرجینیا,रिचमंड,रिचमन्ड,रिच्मन्ड्,ரிச்மண்ட்,リッチモンド,列治文,里士满,리치먼드	37.55376	-77.46026	P	PPLA	US		VA	760			204214	64	68	America/New_York	2015-01-15
4801859	Charleston	Charleston	CRW,Carlstona,Carlstonas,Carlstons,Carolopolis,Charleston,Charleston i Vest-Virginia,Charlston,Charlstun,Gorad Charlstan,Tsarlston,carlsatan,carlsatana,carlstan,carlstana,cha er si dun,chalseuteon,charlstwn,charusuton,tsharlstwn,zʼrlstwn,Čarlstonas,Čarlstons,Čārlstona,Τσάρλστον,Горад Чарлстан,Чарлстон,Чарлстън,Չարլսթոն,צארלסטון,تشارلستون,چارلستون,چارلسٹن,چارلسٹن، مغربی ورجینیا,चार्ल्सटन,चार्ल्सटन्,चार्ल्स्टन,சார்ல்ஸ்டன்,チャールストン,查尔斯顿,찰스턴	38.34982	-81.63262	P	PPLA	US		WV	039			51400	182	198	America/New_York	2011-05-14
4835797	Hartford	Hartford	Chartfornt,Gartford,Gorad Khartfard,HFD,Halakepoka,Hartford,Hartforda,Hartfordas,Hartfordia,Hartfords,Hārtforda,Kharford,Khartford,Siti of Khartford,ha te fu,hartafard,hartaforda,hartapharda,hartaphorda,hartfwrd,hartfwrd  kntykt,hartpart,hateupeodeu,hatofodo,hrtpwrd,Χάρτφορντ,Гартфорд,Горад Хартфард,Сити оф Хартфорд,Хартфорд,Харфорд,Ҳартфорд,Հարթֆորդ,הרטפורד,هارتفورد,هارتفورد، کنتیکت,ہارٹفورڈ,ہارٹفورڈ، کنیکٹیکٹ,हार्टफर्ड,हार्टफ़र्ड्,हार्टफ़ोर्ड,हार्टफोर्ड,हार्तफर्द,ஹார்ட்பர்ட்,ハートフォード,哈特福,하트퍼드	41.76371	-72.68509	P	PPLA	US		CT	003			124775	18	27	America/New_York	2011-05-14
4853828	Des Moines	Des Moines	DSM,De Moinas,De Moins,De Mojn,De Moyn,De-Mojn,Dehs Mojns,Demoina,Des Moines,Gorad Deh-Mojn,Monachopolis,Nte Moin,de mayne,de mei yin,de mo'ina,de-moini,demoin,des mvane,dh mwyn,di mo'ina,di mxyn,dimoin,dmwyn  aywwa,dy mwyn,dy mwyn  ayywwa,ti moyin,Ντε Μόιν,Горад Дэ-Мойн,Де Мойн,Де Мојн,Де-Мойн,Дэс Мойнс,Դե Մոյն,דה מוין,دموین، آیووا,دي موين,دی موین، آئیووا,ڈس موئنس,डे माय्ने,डेस् म्वाने,दि मोइन,दे मॉईन,டி மொயின்,ดิมอยน์,დე-მოინი,デモイン,德梅因,디모인	41.60054	-93.60911	P	PPLA	US		IA	153			203433	266	264	America/Chicago	2011-05-14
4930956	Boston	Boston	BOS,Boston,Bostona,Bostonas,Bostone,Bostonia,Bostono,Bostons,Bostun,Bostún,Gorad Bostan,Po-su-tun,Pokekona,Pô-sṳ-tun,Vostoni,bastan,bastana,bausatana,beasrraൺ,bo shi dun,boseuteon,bostan,bostana,bostʼoni,bosuton,bwstn,bwstwn,bxstan,pastan,Βοστωνη,Βοστώνη,Бостон,Бостън,Горад Бостан,Բոստոն,באסטאן,בוסטון,بوستون,بوسطن,بوسٹن,بۆستن,ܒܘܣܛܘܢ,बस्तन,बास्टन्,बॉस्टन,बोस्टन,বস্টন,ਬੌਸਟਨ,பாஸ்டன்,బోస్టన్,ಬಾಸ್ಟನ್,ബോസ്റ്റൺ,บอสตัน,བོ་སེ་ཊོན།,ဘော့စတွန်မြို့,ბოსტონი,ቦስቶን,ボストン,波士頓,波士顿,보스턴	42.35843	-71.05977	P	PPLA	US		MA	025			617594	14	38	America/New_York	2015-09-21
4957003	Augusta	Augusta	AUG,Aounkousta,Augusta,Gorad Agasta,Ogasta,Ogusta,agasta,agwsta  myn,akasta,ao gu si ta,awghwsta,ke ge si ta,ogasta,ogasuta,ogeoseuta,Αουγκούστα,Аугуста,Горад Агаста,Огаста,Огъста,Օգաստա,אוגוסטה,آگسٹا، میئن,آگوستا، مین,أوغوستا,अगस्टा,अगस्ता,ऑगस्टा,অগাস্টা,அகஸ்தா,オーガスタ,奥古斯塔,柯格斯塔,오거스타	44.31062	-69.77949	P	PPLA	US		ME	011			19136	38	36	America/New_York	2016-10-23
4998830	Lansing	Lansing	Gorad Lansing,LAN,Lansin'nk,Lansing,Lansinga,Lansingas,Lansings,Lehnsing,Lensing,laensing,lan xin,lancin,lansin,lansina,lansinga,lansng,lansng  mshy gn,lansngh,lnsyng,lnsyng  myshygan,lyansinga,ranshingu,Λάνσινγκ,Горад Лансінг,Лансинг,Ленсинг,Лэнсинг,Լանսինգ,לאנסינג,لانسنغ,لانسنگ,لانسنگ، مشی گن,لنسینگ,لنسینگ، میشیگان,लान्सिंग,लान्सिङ,लान्सिङ्,ल्यान्सिंग,லான்சிங்,ランシング,兰辛,蘭辛,랜싱	42.73253	-84.55553	P	PPLA	US		MI	065			114297	260	260	America/Detroit	2011-05-14
5045360	Saint Paul	Saint Paul	Gorad Sent-Pol,Saint Paul,Saint Pol,San Pablo,Sejnt Pol,Sent Pol,Sent Polas,Sent Pols,Sent-Pol,Sentpola,Sint-Paul,St. Paul,Urbs Sancti Pauli de Minnesota,ceyint pal,saint pal,sant bawl,santa pala,seinteupol,senta pala,senta pola,sentoporu,sentphxl,sheng bao luo,synt pl  mynh‌swta,syynt pwl,Σαιντ Πωλ,Горад Сент-Пол,Сейнт Пол,Сент Пол,Сент-Пол,Սեյնթ Փոլ,סיינט פול,سانت باول,سینت پل، مینه‌سوتا,سینٹ پال,سینٹ پال، مینیسوٹا,सन्त पल,सेंट पॉल,सेन्त पल,सैन्ट् पाल्,செயின்ட் பால்,เซนต์พอล,სენტ-პოლი,セントポール,圣保罗,세인트폴	44.94441	-93.09327	P	PPLA	US		MN	123			285068	242	242	America/Chicago	2011-05-14
5072006	Lincoln	Lincoln	Gorad Linkal'n,LNK,Lin'koln,Lincoln,Lincolnia,Linkol'n,Linkoln,Linkolna,Linkolnas,Linkolns,Linkuln,lin ken,ling khxln,lingkeon,linkan,linkana,lnkn,lnkn  nybraska,lynkln  nbraska,lynqwln,rinkan,Λίνκολν,Горад Лінкальн,Линколн,Линкольн,Линкълн,Лінкольн,Լինքոլն,לינקולן,لنكن,لنکن,لنکن، نیبراسکا,لینکلن، نبراسکا,लिंकन,लिङ्कन,லிங்கன்,ลิงคอล์น,ლინკოლნი,リンカーン,林肯,링컨	40.8	-96.66696	P	PPLA	US		NE	109			258379	367	366	America/Chicago	2011-05-14
5084868	Concord	Concord	CON,Concord,Concord i New Hampshire,Gorad Kankord,Kon'kornt,Konkord,Konkorda,Konkordas,Konkords,kamkorda,kang ke de,kankard,kankarda,kankart,knkwrd  nywhmpshayr,kongkodeu,konkodo,kwnkwrd,qwnqwrd,Κόνκορντ,Горад Канкорд,Конкорд,Կոնկորդ,קאנקארד,קונקורד,كونكورد,کنکورد، نیوهمپشایر,کنکورڈ,کونکورڈ، نیو ہیمپشائر,कङ्कर्द,कन्कर्ड,कन्कर्ड्,काँकोर्ड,காங்கர்ட்,კონკორდი,コンコード,康科德,콩코드	43.20814	-71.53757	P	PPLA	US		NH	013			42695	83	87	America/New_York	2011-05-14
5105496	Trenton	Trenton	Gorad Trehntan,TTN,Trehnton,Trenton,Trentona,Trentonas,Trentonia,Trentun,itrentan,te lun dun,teulenteon,torenton,trentana,trntwn,Τρέντον,Горад Трэнтан,Трентон,Трентън,Трэнтон,Թրենթոն,טרנטון,ترنتون,ٹرنٹن، نیو جرسی,ٹرینٹن,ट्रेंटन,ट्रेन्टन,त्रेन्तन,இட்ரென்டன்,トレントン,特伦顿,트렌턴	40.21705	-74.74294	P	PPLA	US		NJ	021			84913	17	23	America/New_York	2016-05-14
5106834	Albany	Albany	ALB,Albania,Albanija,Albany,Albany i New York,Albany on Niwum Eoforwice,Albany on Nīwum Eoforwīce,Gorad Olbani,Olbani,Olbanis,Olmpani,albani,albany,albany  nyw yark,albany  nywywrk,albny,alpeni,ao er ba ni,elbani,ke ba li,olbeoni,orubani,xxlbani,Όλμπανι,Албания,Горад Олбані,Олбани,Олбані,Օլբանի,אולבני,אלבאני,آلبانی، نیویورک,ألباني,ئالبانی، نیویۆرک,البانی، نیو یارک,البنی,अल्बानी,आल्बनी,एल्बानी,ஆல்பெனி,ออลบานี,ალბანი,オールバニ,奥尔巴尼,柯巴利,올버니	42.65258	-73.75623	P	PPLA	US		NY	001			97856	45	50	America/New_York	2011-05-14
5192726	Harrisburg	Harrisburg	Charrismpernk,Garrisberg,Gorad Garysberg,HAR,Harisberga,Harisburg,Harisburgas,Harisburgs,Harisbērga,Harrisbarrig,Harrisburg,Harrisburgum,Harrisburq,Kharisburg,ha li si bao,haeliseubeogeu,harisbarg,harispark,harisubagu,harysbrj,herisabarga,hrysbwrg  pnsylwanya,hyarisabarga,hyarisbarga,Χάρρισμπεργκ,Гаррисберг,Гаррісберг,Горад Гарысберг,Харисбург,Харисбърг,Һаррисбург,Հարիսբուրգ,האריסברג,هاريسبرج,هریسبورگ، پنسیلوانیا,ہیرسبرک، پنسلوانیا,ہیرسبرگ,हारिस्बर्ग्,हॅरिसबर्ग,ह्यारिसबर्ग,ह्यारिस्बर्ग,ஹாரிஸ்பர்க்,แฮร์ริสเบิร์ก,ハリスバーグ,哈里斯堡,해리스버그	40.2737	-76.88442	P	PPLA	US		PA	043			49528	101	105	America/New_York	2011-05-14
5224151	Providence	Providence	Gorad Providehns,PVD,Provedensos,Provid"ns,Providence,Providens,Providensa,Providensas,Providentia,Provintens,Provėdensos,brwfydns,peulobideonseu,phr x wi den s,piravitens,prabhidensa,pravidens,prawydns,probhidensa,provhidansa,prwbydns,prwwyڈns  rwڈ aylynڈ,pu luo wei deng si,pu luo wei dun si,purobidensu,purovu~idensu,Πρόβιντενς,Горад Провідэнс,Провиденс,Провидънс,Провіденс,Փրովիդենս,פראווידענס,פרובידנס,بروفيدنس,پراویدنس,پروویڈنس,پروویڈنس، روڈ آئلینڈ,प्रभिदेन्स,प्राविडेन्स्,प्रॉव्हिडन्स,प्रोभिडेन्स,பிராவிடென்ஸ்,พรอวิเดนซ์,プロビデンス,プロヴィデンス,普洛威頓斯,普罗维登斯,프로비던스	41.82399	-71.41283	P	PPLA	US		RI	007			178042	2	-17	America/New_York	2012-02-20
5238685	Montpelier	Montpelier	Gorad Mantpilier,MPV,Monpelie,Montpelier,Montpelier on Uermonte,Montpilier,Montpilijer,Montpiljera,Montpiljeres,Montpiljeris,Montpiljerės,Montpīljera,mamtapeli'e,mantpeliyar,mantpiliyar,meng bi li ai,montapeliyara,monteupillieo,montopiria,mwnblyyh,mwnplyh  wrmwnt,mwntplyyr,mxn t phe leiy r,Μονπελιέ,Горад Мантпіліер,Монпелие,Монтпилиер,Монтпилијер,Монтпілієр,Մոնտպիլիեր,מונטפלייר,مونبلييه,مونٹپلیئر,مونٹپیلیئر، ورمونٹ,مونپلیه، ورمونت,माँतपेलिए,मान्ट्पेलियर्,मोन्टपेलियर,மான்ட்பீலியர்,มอนต์เพเลียร์,モントピリア,蒙彼利埃,몬트필리어	44.26006	-72.57539	P	PPLA	US		VT	023			7855	160	163	America/New_York	2015-12-20
5261457	Madison	Madison	Gorad Madysan,MSN,Madison,Madisonas,Madisonia,Madisons,Madisun,Mantison,Medison,Medisona,Mehdison,madisan,madison,madisoni,madyswn,maediseun,mai di xun,maidisana,mdysn  wyskansyn,mdyswn,medisana,metican,Μάντισον,Горад Мадысан,Мадисон,Мадисън,Медисон,Медісон,Мэдисон,Մեդիսոն,מדיסון,ماديسون,مدیسن، ویسکانسین,میڈیسن,میڈیسون، وسکونسن,माडिसन्,मॅडिसन,मेडिसन,मैडिसन,மேடிசன்,მადისონი,マディソン,麦迪逊,매디슨	43.07305	-89.40123	P	PPLA	US		WI	025			233209	267	272	America/Chicago	2011-05-14
5308655	Phoenix	Phoenix	Feniks,Fenikso,Finiks,Finiksa,Finiksas,Finiksos,Foinix,Féniks,Fīniksa,Gorad Finiks,Hoozdoh,PHX,Peniki,Phoeniks,Phoenix,Pēniki,feng huang cheng,fenikkusu,finikasa,finiks,finiksa,fynks,fynyks,fynyks  aryzwna,phiniks,phiniks nagaram,phiniksa,pinigseu,piniks,piniksi,pnyqs,pynyqs,Φοίνιξ,Горад Фінікс,Финикс,Фінікс,Ֆինիքս,פיניקס,פניקס,فينيكس,فینکس,فینیکس، آریزونا,फ़ीनिक्स,फिनिक्स,फिनिक्स्,फीनिक्स,ফিনিক্স,ਫ਼ੀਨਿਕਸ,பீனிக்ஸ்,ఫీనిక్స్ నగరం,ಫೀನಿಕ್ಸ್,ഫീനിക്സ്,ฟีนิกซ์,ფინიქსი,ፊኒክስ፥ አሪዞና,フェニックス,凤凰城,鳳凰城,피닉스	33.44838	-112.07404	P	PPLA	US		AZ	013			1445632	331	366	America/Phoenix	2014-10-27
5389489	Sacramento	Sacramento	Gorad Sakramenta,Kakalameko,SAC,Sacramento,Sacramento Stad,Sacramentum,Sakramentas,Sakramento,Sakraments,Sakraminto,Sakraménto,cekramento,saekeulamento,saikaramainto,saikramento,sakramento,sakramntw,sakramntw  kalyfrnya,sakuramento,sekramento,sha jia mian du,sqrmntw,Σακραμέντο,Горад Сакрамента,Сакраменто,Սակրամենտո,סאקראמענטא,סקרמנטו,ساكرامنتو,ساکرامنتو,ساکرامنتو، کالیفرنیا,ساکرامنٹو,سکرامنٹو، کیلی فورنیا,साक्रामेंटो,साक्रामेन्टो,सेक्रामेन्टो,सेक्रामेन्तो,सैक्रामेण्टो,সাক্রামেন্টো,ਸੈਕਰਾਮੈਂਟੋ,சேக்ரமெண்டோ,แซคราเมนโต,საკრამენტო,ሳክራመንቶ,サクラメント,沙加緬度,새크라멘토	38.58157	-121.4944	P	PPLA	US		CA	067			466488	9	14	America/Los_Angeles	2014-10-27
5419384	Denver	Denver	DEN,Dehnver,Denber,Denv"r,Denver,Denver County,Denvera,Denveres,Denveris,Denverium,Denvero,Denverės,Denwer,Dénwér,Gorad Dehnver,Ntenver,dainavara,dan fu,denabhara,denabhara ka'unti,denavara,denba,denbeo,denbhara,denvar,denveri,denvhara,denwexr,dnfr,dnwr,dnwr  klradw,dnwwr,tenvar,Ντένβερ,Горад Дэнвер,Денвер,Денвър,Дэнвер,Դենվեր,דנוור,דענווער,دنفر,دنور,دنور، کلرادو,ڈینور,डॅनवर,डेन्भर,डेन्वर्,डेन्व्हर,देन्भर,ডেনভার,ডেনভার কাউন্টি,ਡੈਨਵਰ,டென்வர்,డెన్వర్,ഡെൻവർ,เดนเวอร์,დენვერი,ደንቨር,デンバー,丹佛,덴버	39.73915	-104.9847	P	PPLA	US		CO	031			600158	1609	1636	America/Denver	2014-10-27
5490263	Santa Fe	Santa Fe	Gorad Santa-Feh,SAF,Sanctae Fidei fanum,Santa Fe,Santa Fe Analco,Santa Feh,Santa Fé,Santa Fė,Santa-Fe,Santafe,Santafē,Yooto,Yootó,ZSH,canta pe,santa fe,santa fyh,santa phe,santafe,santape,sheng da fei,sheng fei,sntafh  nywmkzykw,snth ph,Σάντα Φε,Горад Санта-Фэ,Санта Фе,Санта Фэ,Санта-Фе,Սանտա Ֆե,סנטה פה,سانتا فيه,سانتا فێ,سانتا فے، نیو میکسیکو,سانٹا فے,سنتافه، نیومکزیکو,सांता फे,साण्टा फे,सान्टा फ़े,सान्ता फे,சாந்தா பே,แซนตาเฟ,სანტა-ფე,サンタフェ,圣菲,聖大非,산타페	35.68698	-105.9378	P	PPLA	US		NM	049			67947	2132	2137	America/Denver	2016-05-16
5501344	Carson City	Carson City	Altepetl Carson,CSN,Carson City,Carson City County,Carson city,Carsonurbo,Gorad Karsan-Sici,Karson Siti,Karson Sitis,Karson-Siti,Karsonsitija,Karsun Siti,Kota Carson,Kārsonsitija,Lungsod ng Carson,Thanh pho Carson,Thành phố Carson,ka sen cheng,karcan nakaram,karsan siti,karsana siti,karswn syty,kaseunsiti,kasonshiti,kharsansiti,qrswn syty,Κάρσον Σίτι,Горад Карсан-Сіці,Карсон Сити,Карсон-Сити,Карсон-Сіті,Карсън Сити,Քարսոն Սիթի,קרסון סיטי,كارسون سيتى,كارسون سيتي,کارسن سٹی,کارسن شہر، نیواڈا,کارسون‌سیتی,कार्सन सिटी,कार्सन सिति,कार्सन् सिटी,কার্সন সিটি,கார்சன் நகரம்,คาร์สันซิตี,カーソンシティ,卡森城,카슨시티	39.1638	-119.7674	P	PPLA	US		NV	510			55274	1427	1431	America/Los_Angeles	2011-05-14
5554072	Juneau	Juneau	Cuno,Dzhuna,Dzhuno,Dzunas,Dzuno,Dzuns,Džunas,Džuns,Džūno,Iunellum,JNU,Juneau,Juno,Tisaantikii Hiinii,Tzouno,Zhuno,gwnw,jun'yu,juna'u byuro,juno,junu,jwnw,jwnw  alaska,jwnyaw  alaska,zhu nuo,Τζούνο,Џуно,Джуна,Джуно,Жуно,Ջունո,גונו,اوکلاہوما سٹی,جونو,جونو، آلاسکا,جونیاؤ، الاسکا,جونیا‌ؤ,जुनू,जुनो,जुन्यु,জুনাউ ব্যুরো,ଜୁନୋ,ஜூனோ,ჯუნო,ジュノー,朱諾,주노	58.30194	-134.41972	P	PPLA	US		AK	110			31275	17	9	America/Juneau	2014-05-11
5586437	Boise	Boise	BOI,Boise,Boisisitija,Boisė,Boizi,Boizis,Bojse,Bojsi,Bojzi,Boyse,Gorad Bojseh,baysi,bo yi xi,bo'ija,bo'ijhi,bo'isi,boise,boishi,boisi,bwysy,bwyz,bwyzy  aydahw,poyci,Μπόιζι,Бойзи,Бойсе,Бојси,Горад Бойсэ,Բոյսե,בויסי,بوئسے,بويسي,بویز,بویزی، آیداهو,बाय्सी,बॉइझी,बोइज,बोइसी,பொய்சி,ಬಾಯ್ಸಿ,ბოისე,ボイシ,博伊西,보이시	43.6135	-116.20345	P	PPLA	US		ID	001			145987	823	834	America/Boise	2010-01-29
5656882	Helena	Helena	Chelena,Gelena,Gorad Khelena,HLN,Helena,Helena i Montana,Helenopolis,Helina,Khehlena,Khelena,he lei na,helena,hellena,herena,hlna  mwntana,hlnh,hylyna,Χέλενα,Гелена,Горад Хелена,Хелена,Хэлена,Հելենա,הלנה,هلنا، مونتانا,هيلينا,ہیلینا,ہیلینا، مونٹانا,हेलेना,ஹெலேனா,เฮเลนา,ヘレナ,赫勒拿,헬레나	46.59271	-112.03611	P	PPLA	US		MT	049			28190	1237	1236	America/Denver	2011-05-14
5688025	Bismarck	Bismarck	BIS,Bismak,Bismarck,Bismarck i Nord-Dakota,Bismark,Bismarka,Bismarkas,Bismarks,Bismàk,Bizmark,Gorad Bismark,bi si mai,bijeumakeu,bismark,bismarka,bisumaku,bysmark,bysmark  dakwtay shmaly,bysmrq,pismark,Μπίσμαρκ,Бизмарк,Бисмарк,Бісмарк,Горад Бісмарк,Բիսմարկ,ביסמרק,انٹیل,بسمارک، شمالی ڈکوٹا,بيسمارك,بیسمارک، داکوتای شمالی,बिस्मार्क,பிஸ்மார்க்,บิสมาร์ก,ბისმარკი,ビスマーク,俾斯麥,비즈마크	46.80833	-100.78374	P	PPLA	US		ND	015			61272	514	520	America/Chicago	2012-02-20
5750162	Salem	Salem	Gorad Sejlem,SLE,Salem,Salemas,Salems,Seilema,Sejlem,Sejlum,celam,sai lei mu,salema,salm,saylm,se lem,seilleom,seiramu,selama,selem,sylm  awrgan,sylm  awrygwn,syylm,Σάλεμ,Горад Сейлем,Салем,Сейлем,Сейлъм,Сејлем,Սալեմ,סיילם,سالم,سايلم,سیلم، اورگان,سیلم، اوریگون,सालेम,सेलम,सेलेम्,சேலம்,เซเลม,セイラム,塞勒姆,세일럼	44.9429	-123.0351	P	PPLA	US		OR	047			154637	49	55	America/Los_Angeles	2011-05-14
5767918	Pierre	Pierre	Gorad Pir,PIR,Pier,Pierre,Pir,Pira,Piras,Pirr,Pirs,Pjer,Pīra,byyr,pi er,pia,pieo,piyara,piyer,piyera,piyere,pyr,pyr  dakwtay jnwby,Πιερ,Горад Пір,Пиер,Пир,Пирр,Пірр,Пјер,Պիեռ,פיר,بيير,پیر، داکوتای جنوبی,پیر،ساؤتھ ڈیکوٹا,پیری، جنوبی ڈکوٹا,पियर,पियेर,पियेरे,पियेर्,பியேர்,ピア,皮尔,피어	44.36832	-100.35097	P	PPLA	US		SD	065			13646	451	450	America/Chicago	2012-02-20
5780993	Salt Lake City	Salt Lake City	Cathair Salt Lake,Civitas Lacus Salsi,Gorad Solt-Lehjk-Sici,Kota Salt Lake,Lungsod ng Salt Lake,SLC,Sallaga Urbo,Salt Lake,Salt Lake Ceety,Salt Lake City,Sol Lek Siti,Solt Leik Sites,Solt Leik Siti,Solt Leik Sitis,Solt Leik Sitės,Solt Lejk Siti,Solt Leyk Siti,Solt-Lejk-Siti,Soltleiksitija,Thanh pho Salt Lake,Thành phố Salt Lake,calt lek nakaram,salata leka siti,salt lek siti,salt lyk,salt lyk syty,salta leka siti,solta leka siti,solteuleikeusiti,sorutoreikushiti,swlt lyyq syty,sxltleksiti,yan hu cheng,Σολτ Λέικ Σίτι,Горад Солт-Лэйк-Сіці,Солт Лейк Сити,Солт Лејк Сити,Солт-Лейк-Сити,Солт-Лейк-Сіті,Սոլթ Լեյք Սիթի,סולט לייק סיטי,سالت ليك,سالت لیک سیتی,سالت‌لیک‌سیتی,سالٹ لیک سٹی,سالٹ لیک سٹی، یوٹاہ,साल्ट लेक सिटी,साल्ट् लेक् सिटी,सॉल्ट लेक सिटी,ਸਾਲਟ ਲੇਕ ਸਿਟੀ,சால்ட் லேக் நகரம்,ಸಾಲ್ಟ್ ಲೇಕ್ ಸಿಟಿ,ซอลต์เลกซิตี,ཚྭ་མཚོའི་གྲོང་ཁྱེར།,სოლტ-ლეიკ-სიტი,ソルトレイクシティ,盐湖城,鹽湖城,솔트레이크시티	40.76078	-111.89105	P	PPLA	US		UT	035			186440	1299	1311	America/Denver	2016-03-01
5805687	Olympia	Olympia	Gorad Alimpija,OLM,Olimpeje,Olimpi,Olimpia,Olimpija,Olimpėjė,Olympia,ao lin pi ya,awlmbya,awlmpya,awlmpya  washyngtn,olampiya,olimpiya,ollimpia,orinpia,Ολύμπια,Горад Алімпія,Олимпи,Олимпия,Олимпија,Олімпія,Օլիմպիա,אולימפיה,أولمبيا,اولمپیا,اولمپیا، واشنگٹن,اولمپیا، واشینگتن,ऑलिंपिया,ओलम्पिया,ஒலிம்பியா,オリンピア,奧林匹亞,올림피아	47.03787	-122.9007	P	PPLA	US		WA	067			46478	29	32	America/Los_Angeles	2011-05-14
5821086	Cheyenne	Cheyenne	CYS,Cheyenna,Cheyenne,Gorad Shaen,Saien,Saiena,Sajenas,Sajens,Sayen,Shaen,Shaenn,Shajen,Shajenn,ce'ini,ceyen,sayana,seyen,shaian,shayan,shayn,shayn  waywmyng,shayn  wayywmng,syaien,xia yan,Šaiena,Šajenas,Šajens,Σαϊέν,Горад Шаен,Шаен,Шайен,Шайенн,Шаєнн,Шајен,Շայեն,שאיין,شايان,شاین,شاین، وائیومنگ,شاین، وایومینگ,चेइनी,शायान,शेयेन्,செயென்,シャイアン,夏延,샤이엔	41.13998	-104.82025	P	PPLA	US		WY	021			59466	1856	1866	America/Denver	2011-05-14
5856195	Honolulu	Honolulu	Chonoloulou,Gonolulu,Gorad Ganalulu,HNL,Honolulu,Honolulú,Honolúlú,Khonolulu,Than-hiong-san,Thàn-hiông-sân,hanalulu,hanululu,honalulu,honollullu,honolulu,honoruru,hwnwlwlw,tan xiang shan,Χονολουλού,Гонолулу,Горад Ганалулу,Хонолулу,Һонолулу,Հոնոլուլու,האנאלולו,הונולולו,هونولولو,ہwnwlwlw  ہwayy,ہونولولو,ہونولولو، ہوائی,हानलूलू,होनालुलु,होनोलुलु,होनोलूलू,হনুলুলু,ହନଲୁଲୁ,ஹொனலுலு,ಹೊನೊಲುಲು,โฮโนลูลู,ཧོ་ནོ་ལུ་ལུ།,ဟိုနိုလူလူမြို့,ჰონოლულუ,ሆኖሉሉ,ホノルル,檀香山,호놀룰루	21.30694	-157.85833	P	PPLA	US		HI	003			371657	5	18	Pacific/Honolulu	2012-06-06
2964506	Dún Laoghaire	Dun Laoghaire	Dan Lere,Dan Leri,Dan Lerė,Dan Liri,Dun Laoghaire,Dun Laoire,Dun-Lehare,Dunleary,Dunum Loigarii,Dún Laoghaire,Dún Laoire,Kingstown,danlyry,deng lai li,deonleleo,dn lyry,dunlere,Дан Лері,Дан Лири,Дун-Лэаре,דן לירי,دانلیری,ڈون لاری,ดูนเลเร,ダン・レアリー,邓莱里,던레러	53.29395	-6.13586	P	PPL	IE	IE	L	34			185400		16	Europe/Dublin	2014-02-28
2964574	Dublin	Dublin	Baile Atha Cliath,Baile Átha Cliath,Ciuda de Dublin,Ciudá de Dublín,DUB,Dablin,Diblin,Difelin,Divlyn,Doublino,Dublin,Dublin city,Dublina,Dublinas,Dublini,Dublino,Dublinu,Dublín,Dublîn,Dueblin,Dulenn,Dulyn,Dyflinn,Düblin,Eblana,Gorad Dublin,dabalina,dablin,dablina,daburin,dbln,dblyn,deobeullin,dou bai lin,dublini,dwblyn,taplin,Δουβλίνο,Горад Дублін,Даблин,Дублин,Дублін,Дъблин,Դուբլին,דבלין,דובלין,دبلن,دوبلين,دوبلین,دۇبلىن,ڈبلن,ډبلن,ܕܒܠܢ,डब्लिन,दब्लिन,ডাবলিন,ਡਬਲਿਨ,டப்லின்,ಡಬ್ಲಿನ್,ഡബ്ലിൻ,ดับลิน,དུབ་ལིན།,ဒပ်ဗလင်မြို့,დუბლინი,ደብሊን,ダブリン,都柏林,더블린	53.33306	-6.24889	P	PPLC	IE		L	33			1024027		17	Europe/Dublin	2013-05-30
7838923	Palmerstown	Palmerstown		53.35019	-6.37778	P	PPL	IE						7197		51	Europe/Dublin	2013-12-08
7869995	Jobstown	Jobstown		53.27866	-6.40803	P	PPL	IE						10825		116	Europe/Dublin	2013-12-08
7869996	Killester	Killester		53.37322	-6.20431	P	PPL	IE		L	33			5099		24	Europe/Dublin	2016-09-12
7870938	Confey	Confey		53.37923	-6.49052	P	PPL	IE						5389		60	Europe/Dublin	2013-12-08
7870988	Kilquade	Kilquade		53.09743	-6.08411	P	PPL	IE						14886		57	Europe/Dublin	2013-12-08
6691006	Booterstown	Booterstown		53.30447	-6.19985	P	PPLX	IE						7142		26	Europe/Dublin	2013-12-08
6691035	Darndale	Darndale		53.39948	-6.18886	P	PPLX	IE						5667		32	Europe/Dublin	2013-12-08
6691048	Donnycarney	Donnycarney		53.3735	-6.20976	P	PPLX	IE						7660		25	Europe/Dublin	2013-12-08
